currency,directive,O.Country,country,expenseTypeCode,Rate,vatThreshold,comparison,amount,status,reason
EUR,Any,Any,AL,6,20,2,LT,12,Disqualified,VAT_AMOUNT_BELOW_THRESHOLD
EUR,Any,Any,AL,12,20,2,LT,12,Disqualified,VAT_AMOUNT_BELOW_THRESHOLD
EUR,Any,Any,AL,20,20,2,LT,12,Disqualified,VAT_AMOUNT_BELOW_THRESHOLD
EUR,Any,Any,AL,27,20,2,LT,12,Disqualified,VAT_AMOUNT_BELOW_THRESHOLD
EUR,Any,Any,AL,30,20,2,LT,12,Disqualified,VAT_AMOUNT_BELOW_THRESHOLD
EUR,Any,Any,AR,20,21,2,LT,11.52,Disqualified,VAT_AMOUNT_BELOW_THRESHOLD
EUR,Any,Any,AT,5,13,2,LT,17.38,Disqualified,VAT_AMOUNT_BELOW_THRESHOLD
EUR,Any,Any,AT,6,20,2,LT,12,Disqualified,VAT_AMOUNT_BELOW_THRESHOLD
EUR,Any,Any,AT,12,20,2,LT,12,Disqualified,VAT_AMOUNT_BELOW_THRESHOLD
EUR,Any,Any,AT,20,20,2,LT,12,Disqualified,VAT_AMOUNT_BELOW_THRESHOLD
EUR,Any,Any,AT,22,10,2,LT,22,Disqualified,VAT_AMOUNT_BELOW_THRESHOLD
EUR,Any,Any,AT,27,20,2,LT,12,Disqualified,VAT_AMOUNT_BELOW_THRESHOLD
EUR,Any,Any,AT,30,20,2,LT,12,Disqualified,VAT_AMOUNT_BELOW_THRESHOLD
EUR,Any,Any,AU,4,10,2,LT,22,Disqualified,VAT_AMOUNT_BELOW_THRESHOLD
EUR,Any,Any,AU,5,10,2,LT,22,Disqualified,VAT_AMOUNT_BELOW_THRESHOLD
EUR,Any,Any,AU,6,10,2,LT,22,Disqualified,VAT_AMOUNT_BELOW_THRESHOLD
EUR,Any,Any,AU,12,10,2,LT,22,Disqualified,VAT_AMOUNT_BELOW_THRESHOLD
EUR,Any,Any,AU,18,10,2,LT,22,Disqualified,VAT_AMOUNT_BELOW_THRESHOLD
EUR,Any,Any,AU,20,10,2,LT,22,Disqualified,VAT_AMOUNT_BELOW_THRESHOLD
EUR,Any,Any,AU,21,10,2,LT,22,Disqualified,VAT_AMOUNT_BELOW_THRESHOLD
EUR,Any,Any,AU,22,10,2,LT,22,Disqualified,VAT_AMOUNT_BELOW_THRESHOLD
EUR,Any,Any,AU,25,10,2,LT,22,Disqualified,VAT_AMOUNT_BELOW_THRESHOLD
EUR,Any,Any,AU,27,10,2,LT,22,Disqualified,VAT_AMOUNT_BELOW_THRESHOLD
EUR,Any,Any,AU,30,10,2,LT,22,Disqualified,VAT_AMOUNT_BELOW_THRESHOLD
EUR,Any,Any,AU,31,10,2,LT,22,Disqualified,VAT_AMOUNT_BELOW_THRESHOLD
EUR,Any,Any,AU,34,10,2,LT,22,Disqualified,VAT_AMOUNT_BELOW_THRESHOLD
EUR,Any,Any,BA,4,17,2,LT,13.76,Disqualified,VAT_AMOUNT_BELOW_THRESHOLD
EUR,Any,Any,BA,5,17,2,LT,13.76,Disqualified,VAT_AMOUNT_BELOW_THRESHOLD
EUR,Any,Any,BA,6,17,2,LT,13.76,Disqualified,VAT_AMOUNT_BELOW_THRESHOLD
EUR,Any,Any,BA,12,17,2,LT,13.76,Disqualified,VAT_AMOUNT_BELOW_THRESHOLD
EUR,Any,Any,BA,18,17,2,LT,13.76,Disqualified,VAT_AMOUNT_BELOW_THRESHOLD
EUR,Any,Any,BA,20,17,2,LT,13.76,Disqualified,VAT_AMOUNT_BELOW_THRESHOLD
EUR,Any,Any,BA,21,17,2,LT,13.76,Disqualified,VAT_AMOUNT_BELOW_THRESHOLD
EUR,Any,Any,BA,22,17,2,LT,13.76,Disqualified,VAT_AMOUNT_BELOW_THRESHOLD
EUR,Any,Any,BA,25,17,2,LT,13.76,Disqualified,VAT_AMOUNT_BELOW_THRESHOLD
EUR,Any,Any,BA,27,17,2,LT,13.76,Disqualified,VAT_AMOUNT_BELOW_THRESHOLD
EUR,Any,Any,BA,30,17,2,LT,13.76,Disqualified,VAT_AMOUNT_BELOW_THRESHOLD
EUR,Any,Any,BA,31,17,2,LT,13.76,Disqualified,VAT_AMOUNT_BELOW_THRESHOLD
EUR,Any,Any,BA,34,17,2,LT,13.76,Disqualified,VAT_AMOUNT_BELOW_THRESHOLD
EUR,Any,Any,BE,4,6.47,2,LT,32.91,Disqualified,VAT_AMOUNT_BELOW_THRESHOLD
EUR,Any,Any,BE,5,6,2,LT,35.33,Disqualified,VAT_AMOUNT_BELOW_THRESHOLD
EUR,Any,Any,BE,6,21,2,LT,11.52,Disqualified,VAT_AMOUNT_BELOW_THRESHOLD
EUR,Any,Any,BE,12,21,2,LT,11.52,Disqualified,VAT_AMOUNT_BELOW_THRESHOLD
EUR,Any,Any,BE,18,6.47,2,LT,32.91,Disqualified,VAT_AMOUNT_BELOW_THRESHOLD
EUR,Any,Any,BE,20,21,2,LT,11.52,Disqualified,VAT_AMOUNT_BELOW_THRESHOLD
EUR,Any,Any,BE,22,6,2,LT,35.33,Disqualified,VAT_AMOUNT_BELOW_THRESHOLD
EUR,Any,Any,BE,25,12,2,LT,18.67,Disqualified,VAT_AMOUNT_BELOW_THRESHOLD
EUR,Any,Any,BE,27,21,2,LT,11.52,Disqualified,VAT_AMOUNT_BELOW_THRESHOLD
EUR,Any,Any,BE,30,21,2,LT,11.52,Disqualified,VAT_AMOUNT_BELOW_THRESHOLD
EUR,Any,Any,BE,31,6.47,2,LT,32.91,Disqualified,VAT_AMOUNT_BELOW_THRESHOLD
EUR,Any,Any,BE,34,6.47,2,LT,32.91,Disqualified,VAT_AMOUNT_BELOW_THRESHOLD
EUR,Any,Any,BG,5,9,2,LT,24.22,Disqualified,VAT_AMOUNT_BELOW_THRESHOLD
EUR,Any,Any,BG,6,20,2,LT,12,Disqualified,VAT_AMOUNT_BELOW_THRESHOLD
EUR,Any,Any,BG,12,20,2,LT,12,Disqualified,VAT_AMOUNT_BELOW_THRESHOLD
EUR,Any,Any,BG,18,20,2,LT,12,Disqualified,VAT_AMOUNT_BELOW_THRESHOLD
EUR,Any,Any,BG,20,20,2,LT,12,Disqualified,VAT_AMOUNT_BELOW_THRESHOLD
EUR,Any,Any,BG,27,20,2,LT,12,Disqualified,VAT_AMOUNT_BELOW_THRESHOLD
EUR,Any,Any,BG,30,20,2,LT,12,Disqualified,VAT_AMOUNT_BELOW_THRESHOLD
EUR,Any,Any,BG,31,20,2,LT,12,Disqualified,VAT_AMOUNT_BELOW_THRESHOLD
EUR,Any,Any,CA,4,5,2,LT,42,Disqualified,VAT_AMOUNT_BELOW_THRESHOLD
EUR,Any,Any,CA,5,5,2,LT,42,Disqualified,VAT_AMOUNT_BELOW_THRESHOLD
EUR,Any,Any,CA,6,5,2,LT,42,Disqualified,VAT_AMOUNT_BELOW_THRESHOLD
EUR,Any,Any,CA,12,5,2,LT,42,Disqualified,VAT_AMOUNT_BELOW_THRESHOLD
EUR,Any,Any,CA,18,5,2,LT,42,Disqualified,VAT_AMOUNT_BELOW_THRESHOLD
EUR,Any,Any,CA,20,5,2,LT,42,Disqualified,VAT_AMOUNT_BELOW_THRESHOLD
EUR,Any,Any,CA,21,2.38,2,LT,86.03,Disqualified,VAT_AMOUNT_BELOW_THRESHOLD
EUR,Any,Any,CA,22,5,2,LT,42,Disqualified,VAT_AMOUNT_BELOW_THRESHOLD
EUR,Any,Any,CA,25,2.38,2,LT,86.03,Disqualified,VAT_AMOUNT_BELOW_THRESHOLD
EUR,Any,Any,CA,27,5,2,LT,42,Disqualified,VAT_AMOUNT_BELOW_THRESHOLD
EUR,Any,Any,CA,30,5,2,LT,42,Disqualified,VAT_AMOUNT_BELOW_THRESHOLD
EUR,Any,Any,CA,31,5,2,LT,42,Disqualified,VAT_AMOUNT_BELOW_THRESHOLD
EUR,Any,Any,CA,34,5,2,LT,42,Disqualified,VAT_AMOUNT_BELOW_THRESHOLD
EUR,Any,Any,CH,4,8,2,LT,27,Disqualified,VAT_AMOUNT_BELOW_THRESHOLD
EUR,Any,Any,CH,5,3.8,2,LT,54.63,Disqualified,VAT_AMOUNT_BELOW_THRESHOLD
EUR,Any,Any,CH,6,8,2,LT,27,Disqualified,VAT_AMOUNT_BELOW_THRESHOLD
EUR,Any,Any,CH,18,8,2,LT,27,Disqualified,VAT_AMOUNT_BELOW_THRESHOLD
EUR,Any,Any,CH,20,8,2,LT,27,Disqualified,VAT_AMOUNT_BELOW_THRESHOLD
EUR,Any,Any,CH,21,8,2,LT,27,Disqualified,VAT_AMOUNT_BELOW_THRESHOLD
EUR,Any,Any,CH,22,8,2,LT,27,Disqualified,VAT_AMOUNT_BELOW_THRESHOLD
EUR,Any,Any,CH,25,8,2,LT,27,Disqualified,VAT_AMOUNT_BELOW_THRESHOLD
EUR,Any,Any,CH,27,8,2,LT,27,Disqualified,VAT_AMOUNT_BELOW_THRESHOLD
EUR,Any,Any,CH,30,8,2,LT,27,Disqualified,VAT_AMOUNT_BELOW_THRESHOLD
EUR,Any,Any,CH,31,8,2,LT,27,Disqualified,VAT_AMOUNT_BELOW_THRESHOLD
EUR,Any,Any,CH,34,8,2,LT,27,Disqualified,VAT_AMOUNT_BELOW_THRESHOLD
EUR,Any,Any,CL,4,19,2,LT,12.53,Disqualified,VAT_AMOUNT_BELOW_THRESHOLD
EUR,Any,Any,CL,5,19,2,LT,12.53,Disqualified,VAT_AMOUNT_BELOW_THRESHOLD
EUR,Any,Any,CL,6,19,2,LT,12.53,Disqualified,VAT_AMOUNT_BELOW_THRESHOLD
EUR,Any,Any,CL,12,19,2,LT,12.53,Disqualified,VAT_AMOUNT_BELOW_THRESHOLD
EUR,Any,Any,CL,18,19,2,LT,12.53,Disqualified,VAT_AMOUNT_BELOW_THRESHOLD
EUR,Any,Any,CL,20,19,2,LT,12.53,Disqualified,VAT_AMOUNT_BELOW_THRESHOLD
EUR,Any,Any,CL,21,19,2,LT,12.53,Disqualified,VAT_AMOUNT_BELOW_THRESHOLD
EUR,Any,Any,CL,22,19,2,LT,12.53,Disqualified,VAT_AMOUNT_BELOW_THRESHOLD
EUR,Any,Any,CL,25,19,2,LT,12.53,Disqualified,VAT_AMOUNT_BELOW_THRESHOLD
EUR,Any,Any,CL,27,19,2,LT,12.53,Disqualified,VAT_AMOUNT_BELOW_THRESHOLD
EUR,Any,Any,CL,30,19,2,LT,12.53,Disqualified,VAT_AMOUNT_BELOW_THRESHOLD
EUR,Any,Any,CL,31,19,2,LT,12.53,Disqualified,VAT_AMOUNT_BELOW_THRESHOLD
EUR,Any,Any,CL,34,19,2,LT,12.53,Disqualified,VAT_AMOUNT_BELOW_THRESHOLD
EUR,Any,Any,CN,4,17,2,LT,13.76,Disqualified,VAT_AMOUNT_BELOW_THRESHOLD
EUR,Any,Any,CN,5,6,2,LT,35.33,Disqualified,VAT_AMOUNT_BELOW_THRESHOLD
EUR,Any,Any,CN,6,6,2,LT,35.33,Disqualified,VAT_AMOUNT_BELOW_THRESHOLD
EUR,Any,Any,CN,12,11,2,LT,20.18,Disqualified,VAT_AMOUNT_BELOW_THRESHOLD
EUR,Any,Any,CN,18,17,2,LT,13.76,Disqualified,VAT_AMOUNT_BELOW_THRESHOLD
EUR,Any,Any,CN,20,6,2,LT,35.33,Disqualified,VAT_AMOUNT_BELOW_THRESHOLD
EUR,Any,Any,CN,22,11,2,LT,20.18,Disqualified,VAT_AMOUNT_BELOW_THRESHOLD
EUR,Any,Any,CN,25,6,2,LT,35.33,Disqualified,VAT_AMOUNT_BELOW_THRESHOLD
EUR,Any,Any,CN,27,17,2,LT,13.76,Disqualified,VAT_AMOUNT_BELOW_THRESHOLD
EUR,Any,Any,CN,30,6,2,LT,35.33,Disqualified,VAT_AMOUNT_BELOW_THRESHOLD
EUR,Any,Any,CN,31,11,2,LT,20.18,Disqualified,VAT_AMOUNT_BELOW_THRESHOLD
EUR,Any,Any,CN,34,3,2,LT,68.67,Disqualified,VAT_AMOUNT_BELOW_THRESHOLD
EUR,Any,Any,CO,4,16,2,LT,14.5,Disqualified,VAT_AMOUNT_BELOW_THRESHOLD
EUR,Any,Any,CO,5,16,2,LT,14.5,Disqualified,VAT_AMOUNT_BELOW_THRESHOLD
EUR,Any,Any,CO,6,16,2,LT,14.5,Disqualified,VAT_AMOUNT_BELOW_THRESHOLD
EUR,Any,Any,CO,12,16,2,LT,14.5,Disqualified,VAT_AMOUNT_BELOW_THRESHOLD
EUR,Any,Any,CO,18,16,2,LT,14.5,Disqualified,VAT_AMOUNT_BELOW_THRESHOLD
EUR,Any,Any,CO,20,16,2,LT,14.5,Disqualified,VAT_AMOUNT_BELOW_THRESHOLD
EUR,Any,Any,CO,21,16,2,LT,14.5,Disqualified,VAT_AMOUNT_BELOW_THRESHOLD
EUR,Any,Any,CO,22,16,2,LT,14.5,Disqualified,VAT_AMOUNT_BELOW_THRESHOLD
EUR,Any,Any,CO,25,16,2,LT,14.5,Disqualified,VAT_AMOUNT_BELOW_THRESHOLD
EUR,Any,Any,CO,27,16,2,LT,14.5,Disqualified,VAT_AMOUNT_BELOW_THRESHOLD
EUR,Any,Any,CO,30,16,2,LT,14.5,Disqualified,VAT_AMOUNT_BELOW_THRESHOLD
EUR,Any,Any,CO,31,16,2,LT,14.5,Disqualified,VAT_AMOUNT_BELOW_THRESHOLD
EUR,Any,Any,CO,34,16,2,LT,14.5,Disqualified,VAT_AMOUNT_BELOW_THRESHOLD
EUR,Any,Any,CY,4,19,2,LT,12.53,Disqualified,VAT_AMOUNT_BELOW_THRESHOLD
EUR,Any,Any,CY,5,9,2,LT,24.22,Disqualified,VAT_AMOUNT_BELOW_THRESHOLD
EUR,Any,Any,CY,6,19,2,LT,12.53,Disqualified,VAT_AMOUNT_BELOW_THRESHOLD
EUR,Any,Any,CY,12,19,2,LT,12.53,Disqualified,VAT_AMOUNT_BELOW_THRESHOLD
EUR,Any,Any,CY,18,19,2,LT,12.53,Disqualified,VAT_AMOUNT_BELOW_THRESHOLD
EUR,Any,Any,CY,20,19,2,LT,12.53,Disqualified,VAT_AMOUNT_BELOW_THRESHOLD
EUR,Any,Any,CY,21,19,2,LT,12.53,Disqualified,VAT_AMOUNT_BELOW_THRESHOLD
EUR,Any,Any,CY,22,5,2,LT,42,Disqualified,VAT_AMOUNT_BELOW_THRESHOLD
EUR,Any,Any,CY,25,9,2,LT,24.22,Disqualified,VAT_AMOUNT_BELOW_THRESHOLD
EUR,Any,Any,CY,27,19,2,LT,12.53,Disqualified,VAT_AMOUNT_BELOW_THRESHOLD
EUR,Any,Any,CY,30,19,2,LT,12.53,Disqualified,VAT_AMOUNT_BELOW_THRESHOLD
EUR,Any,Any,CY,31,19,2,LT,12.53,Disqualified,VAT_AMOUNT_BELOW_THRESHOLD
EUR,Any,Any,CZ,4,21,2,LT,11.52,Disqualified,VAT_AMOUNT_BELOW_THRESHOLD
EUR,Any,Any,CZ,5,15,2,LT,15.33,Disqualified,VAT_AMOUNT_BELOW_THRESHOLD
EUR,Any,Any,CZ,6,21,2,LT,11.52,Disqualified,VAT_AMOUNT_BELOW_THRESHOLD
EUR,Any,Any,CZ,12,21,2,LT,11.52,Disqualified,VAT_AMOUNT_BELOW_THRESHOLD
EUR,Any,Any,CZ,18,21,2,LT,11.52,Disqualified,VAT_AMOUNT_BELOW_THRESHOLD
EUR,Any,Any,CZ,20,21,2,LT,11.52,Disqualified,VAT_AMOUNT_BELOW_THRESHOLD
EUR,Any,Any,CZ,22,15,2,LT,15.33,Disqualified,VAT_AMOUNT_BELOW_THRESHOLD
EUR,Any,Any,CZ,25,21,2,LT,11.52,Disqualified,VAT_AMOUNT_BELOW_THRESHOLD
EUR,Any,Any,CZ,27,21,2,LT,11.52,Disqualified,VAT_AMOUNT_BELOW_THRESHOLD
EUR,Any,Any,CZ,30,21,2,LT,11.52,Disqualified,VAT_AMOUNT_BELOW_THRESHOLD
EUR,Any,Any,CZ,31,21,2,LT,11.52,Disqualified,VAT_AMOUNT_BELOW_THRESHOLD
EUR,Any,Any,CZ,34,21,2,LT,11.52,Disqualified,VAT_AMOUNT_BELOW_THRESHOLD
EUR,Any,Any,DE,4,19,2,LT,12.53,Disqualified,VAT_AMOUNT_BELOW_THRESHOLD
EUR,Any,Any,DE,5,7,2,LT,30.57,Disqualified,VAT_AMOUNT_BELOW_THRESHOLD
EUR,Any,Any,DE,6,19,2,LT,12.53,Disqualified,VAT_AMOUNT_BELOW_THRESHOLD
EUR,Any,Any,DE,12,19,2,LT,12.53,Disqualified,VAT_AMOUNT_BELOW_THRESHOLD
EUR,Any,Any,DE,18,19,2,LT,12.53,Disqualified,VAT_AMOUNT_BELOW_THRESHOLD
EUR,Any,Any,DE,20,19,2,LT,12.53,Disqualified,VAT_AMOUNT_BELOW_THRESHOLD
EUR,Any,Any,DE,21,19,2,LT,12.53,Disqualified,VAT_AMOUNT_BELOW_THRESHOLD
EUR,Any,Any,DE,22,7,2,LT,30.57,Disqualified,VAT_AMOUNT_BELOW_THRESHOLD
EUR,Any,Any,DE,25,19,2,LT,12.53,Disqualified,VAT_AMOUNT_BELOW_THRESHOLD
EUR,Any,Any,DE,27,19,2,LT,12.53,Disqualified,VAT_AMOUNT_BELOW_THRESHOLD
EUR,Any,Any,DE,30,19,2,LT,12.53,Disqualified,VAT_AMOUNT_BELOW_THRESHOLD
EUR,Any,Any,DE,31,19,2,LT,12.53,Disqualified,VAT_AMOUNT_BELOW_THRESHOLD
EUR,Any,Any,DE,34,19,2,LT,12.53,Disqualified,VAT_AMOUNT_BELOW_THRESHOLD
EUR,Any,Any,DK,5,25,2,LT,10,Disqualified,VAT_AMOUNT_BELOW_THRESHOLD
EUR,Any,Any,DK,6,25,2,LT,10,Disqualified,VAT_AMOUNT_BELOW_THRESHOLD
EUR,Any,Any,DK,12,25,2,LT,10,Disqualified,VAT_AMOUNT_BELOW_THRESHOLD
EUR,Any,Any,DK,18,25,2,LT,10,Disqualified,VAT_AMOUNT_BELOW_THRESHOLD
EUR,Any,Any,DK,20,25,2,LT,10,Disqualified,VAT_AMOUNT_BELOW_THRESHOLD
EUR,Any,Any,DK,25,5.26,2,LT,40.02,Disqualified,VAT_AMOUNT_BELOW_THRESHOLD
EUR,Any,Any,DK,27,25,2,LT,10,Disqualified,VAT_AMOUNT_BELOW_THRESHOLD
EUR,Any,Any,DK,30,25,2,LT,10,Disqualified,VAT_AMOUNT_BELOW_THRESHOLD
EUR,Any,Any,DK,31,25,2,LT,10,Disqualified,VAT_AMOUNT_BELOW_THRESHOLD
EUR,Any,Any,DK,34,25,2,LT,10,Disqualified,VAT_AMOUNT_BELOW_THRESHOLD
EUR,Any,Any,DO,4,18,2,LT,13.11,Disqualified,VAT_AMOUNT_BELOW_THRESHOLD
EUR,Any,Any,DO,5,18,2,LT,13.11,Disqualified,VAT_AMOUNT_BELOW_THRESHOLD
EUR,Any,Any,DO,6,18,2,LT,13.11,Disqualified,VAT_AMOUNT_BELOW_THRESHOLD
EUR,Any,Any,DO,12,18,2,LT,13.11,Disqualified,VAT_AMOUNT_BELOW_THRESHOLD
EUR,Any,Any,DO,18,18,2,LT,13.11,Disqualified,VAT_AMOUNT_BELOW_THRESHOLD
EUR,Any,Any,DO,20,18,2,LT,13.11,Disqualified,VAT_AMOUNT_BELOW_THRESHOLD
EUR,Any,Any,DO,21,18,2,LT,13.11,Disqualified,VAT_AMOUNT_BELOW_THRESHOLD
EUR,Any,Any,DO,22,18,2,LT,13.11,Disqualified,VAT_AMOUNT_BELOW_THRESHOLD
EUR,Any,Any,DO,25,18,2,LT,13.11,Disqualified,VAT_AMOUNT_BELOW_THRESHOLD
EUR,Any,Any,DO,27,18,2,LT,13.11,Disqualified,VAT_AMOUNT_BELOW_THRESHOLD
EUR,Any,Any,DO,30,18,2,LT,13.11,Disqualified,VAT_AMOUNT_BELOW_THRESHOLD
EUR,Any,Any,DO,31,18,2,LT,13.11,Disqualified,VAT_AMOUNT_BELOW_THRESHOLD
EUR,Any,Any,DO,34,18,2,LT,13.11,Disqualified,VAT_AMOUNT_BELOW_THRESHOLD
EUR,Any,Any,EC,4,12,2,LT,18.67,Disqualified,VAT_AMOUNT_BELOW_THRESHOLD
EUR,Any,Any,EC,5,12,2,LT,18.67,Disqualified,VAT_AMOUNT_BELOW_THRESHOLD
EUR,Any,Any,EC,6,12,2,LT,18.67,Disqualified,VAT_AMOUNT_BELOW_THRESHOLD
EUR,Any,Any,EC,12,12,2,LT,18.67,Disqualified,VAT_AMOUNT_BELOW_THRESHOLD
EUR,Any,Any,EC,18,12,2,LT,18.67,Disqualified,VAT_AMOUNT_BELOW_THRESHOLD
EUR,Any,Any,EC,20,12,2,LT,18.67,Disqualified,VAT_AMOUNT_BELOW_THRESHOLD
EUR,Any,Any,EC,21,12,2,LT,18.67,Disqualified,VAT_AMOUNT_BELOW_THRESHOLD
EUR,Any,Any,EC,22,12,2,LT,18.67,Disqualified,VAT_AMOUNT_BELOW_THRESHOLD
EUR,Any,Any,EC,25,12,2,LT,18.67,Disqualified,VAT_AMOUNT_BELOW_THRESHOLD
EUR,Any,Any,EC,27,12,2,LT,18.67,Disqualified,VAT_AMOUNT_BELOW_THRESHOLD
EUR,Any,Any,EC,30,12,2,LT,18.67,Disqualified,VAT_AMOUNT_BELOW_THRESHOLD
EUR,Any,Any,EC,31,12,2,LT,18.67,Disqualified,VAT_AMOUNT_BELOW_THRESHOLD
EUR,Any,Any,EC,34,12,2,LT,18.67,Disqualified,VAT_AMOUNT_BELOW_THRESHOLD
EUR,Any,Any,EE,4,9.09,2,LT,24,Disqualified,VAT_AMOUNT_BELOW_THRESHOLD
EUR,Any,Any,EE,5,9,2,LT,24.22,Disqualified,VAT_AMOUNT_BELOW_THRESHOLD
EUR,Any,Any,EE,6,20,2,LT,12,Disqualified,VAT_AMOUNT_BELOW_THRESHOLD
EUR,Any,Any,EE,12,20,2,LT,12,Disqualified,VAT_AMOUNT_BELOW_THRESHOLD
EUR,Any,Any,EE,18,9.09,2,LT,24,Disqualified,VAT_AMOUNT_BELOW_THRESHOLD
EUR,Any,Any,EE,20,20,2,LT,12,Disqualified,VAT_AMOUNT_BELOW_THRESHOLD
EUR,Any,Any,EE,21,20,2,LT,12,Disqualified,VAT_AMOUNT_BELOW_THRESHOLD
EUR,Any,Any,EE,22,20,2,LT,12,Disqualified,VAT_AMOUNT_BELOW_THRESHOLD
EUR,Any,Any,EE,27,20,2,LT,12,Disqualified,VAT_AMOUNT_BELOW_THRESHOLD
EUR,Any,Any,EE,30,20,2,LT,12,Disqualified,VAT_AMOUNT_BELOW_THRESHOLD
EUR,Any,Any,EE,31,9.09,2,LT,24,Disqualified,VAT_AMOUNT_BELOW_THRESHOLD
EUR,Any,Any,EE,34,20,2,LT,12,Disqualified,VAT_AMOUNT_BELOW_THRESHOLD
EUR,Any,Any,ES,4,9.5,2,LT,23.05,Disqualified,VAT_AMOUNT_BELOW_THRESHOLD
EUR,Any,Any,ES,5,10,2,LT,22,Disqualified,VAT_AMOUNT_BELOW_THRESHOLD
EUR,Any,Any,ES,6,10,2,LT,22,Disqualified,VAT_AMOUNT_BELOW_THRESHOLD
EUR,Any,Any,ES,12,21,2,LT,11.52,Disqualified,VAT_AMOUNT_BELOW_THRESHOLD
EUR,Any,Any,ES,18,9.5,2,LT,23.05,Disqualified,VAT_AMOUNT_BELOW_THRESHOLD
EUR,Any,Any,ES,20,21,2,LT,11.52,Disqualified,VAT_AMOUNT_BELOW_THRESHOLD
EUR,Any,Any,ES,21,21,2,LT,11.52,Disqualified,VAT_AMOUNT_BELOW_THRESHOLD
EUR,Any,Any,ES,22,10,2,LT,22,Disqualified,VAT_AMOUNT_BELOW_THRESHOLD
EUR,Any,Any,ES,25,10,2,LT,22,Disqualified,VAT_AMOUNT_BELOW_THRESHOLD
EUR,Any,Any,ES,27,21,2,LT,11.52,Disqualified,VAT_AMOUNT_BELOW_THRESHOLD
EUR,Any,Any,ES,30,21,2,LT,11.52,Disqualified,VAT_AMOUNT_BELOW_THRESHOLD
EUR,Any,Any,ES,31,9.5,2,LT,23.05,Disqualified,VAT_AMOUNT_BELOW_THRESHOLD
EUR,Any,Any,ES,34,9.5,2,LT,23.05,Disqualified,VAT_AMOUNT_BELOW_THRESHOLD
EUR,Any,Any,FI,4,24,2,LT,10.33,Disqualified,VAT_AMOUNT_BELOW_THRESHOLD
EUR,Any,Any,FI,5,10,2,LT,22,Disqualified,VAT_AMOUNT_BELOW_THRESHOLD
EUR,Any,Any,FI,6,24,2,LT,10.33,Disqualified,VAT_AMOUNT_BELOW_THRESHOLD
EUR,Any,Any,FI,12,24,2,LT,10.33,Disqualified,VAT_AMOUNT_BELOW_THRESHOLD
EUR,Any,Any,FI,18,24,2,LT,10.33,Disqualified,VAT_AMOUNT_BELOW_THRESHOLD
EUR,Any,Any,FI,20,24,2,LT,10.33,Disqualified,VAT_AMOUNT_BELOW_THRESHOLD
EUR,Any,Any,FI,22,10,2,LT,22,Disqualified,VAT_AMOUNT_BELOW_THRESHOLD
EUR,Any,Any,FI,27,24,2,LT,10.33,Disqualified,VAT_AMOUNT_BELOW_THRESHOLD
EUR,Any,Any,FI,30,24,2,LT,10.33,Disqualified,VAT_AMOUNT_BELOW_THRESHOLD
EUR,Any,Any,FI,31,24,2,LT,10.33,Disqualified,VAT_AMOUNT_BELOW_THRESHOLD
EUR,Any,Any,FR,6,20,2,LT,12,Disqualified,VAT_AMOUNT_BELOW_THRESHOLD
EUR,Any,Any,FR,12,20,2,LT,12,Disqualified,VAT_AMOUNT_BELOW_THRESHOLD
EUR,Any,Any,FR,18,15.38,2,LT,15,Disqualified,VAT_AMOUNT_BELOW_THRESHOLD
EUR,Any,Any,FR,20,20,2,LT,12,Disqualified,VAT_AMOUNT_BELOW_THRESHOLD
EUR,Any,Any,FR,21,20,2,LT,12,Disqualified,VAT_AMOUNT_BELOW_THRESHOLD
EUR,Any,Any,FR,25,10,2,LT,22,Disqualified,VAT_AMOUNT_BELOW_THRESHOLD
EUR,Any,Any,FR,27,20,2,LT,12,Disqualified,VAT_AMOUNT_BELOW_THRESHOLD
EUR,Any,Any,FR,30,20,2,LT,12,Disqualified,VAT_AMOUNT_BELOW_THRESHOLD
EUR,Any,Any,FR,31,20,2,LT,12,Disqualified,VAT_AMOUNT_BELOW_THRESHOLD
EUR,Any,Any,FR,34,20,2,LT,12,Disqualified,VAT_AMOUNT_BELOW_THRESHOLD
EUR,Any,Any,GB,4,20,2,LT,12,Disqualified,VAT_AMOUNT_BELOW_THRESHOLD
EUR,Any,Any,GB,5,20,2,LT,12,Disqualified,VAT_AMOUNT_BELOW_THRESHOLD
EUR,Any,Any,GB,6,20,2,LT,12,Disqualified,VAT_AMOUNT_BELOW_THRESHOLD
EUR,Any,Any,GB,12,20,2,LT,12,Disqualified,VAT_AMOUNT_BELOW_THRESHOLD
EUR,Any,Any,GB,18,20,2,LT,12,Disqualified,VAT_AMOUNT_BELOW_THRESHOLD
EUR,Any,Any,GB,20,20,2,LT,12,Disqualified,VAT_AMOUNT_BELOW_THRESHOLD
EUR,Any,Any,GB,21,20,2,LT,12,Disqualified,VAT_AMOUNT_BELOW_THRESHOLD
EUR,Any,Any,GB,25,20,2,LT,12,Disqualified,VAT_AMOUNT_BELOW_THRESHOLD
EUR,Any,Any,GB,27,20,2,LT,12,Disqualified,VAT_AMOUNT_BELOW_THRESHOLD
EUR,Any,Any,GB,30,20,2,LT,12,Disqualified,VAT_AMOUNT_BELOW_THRESHOLD
EUR,Any,Any,GB,31,20,2,LT,12,Disqualified,VAT_AMOUNT_BELOW_THRESHOLD
EUR,Any,Any,GB,34,20,2,LT,12,Disqualified,VAT_AMOUNT_BELOW_THRESHOLD
EUR,Any,Any,GR,6,24,2,LT,10.33,Disqualified,VAT_AMOUNT_BELOW_THRESHOLD
EUR,Any,Any,GR,12,24,2,LT,10.33,Disqualified,VAT_AMOUNT_BELOW_THRESHOLD
EUR,Any,Any,GR,20,24,2,LT,10.33,Disqualified,VAT_AMOUNT_BELOW_THRESHOLD
EUR,Any,Any,GR,27,24,2,LT,10.33,Disqualified,VAT_AMOUNT_BELOW_THRESHOLD
EUR,Any,Any,GR,30,24,2,LT,10.33,Disqualified,VAT_AMOUNT_BELOW_THRESHOLD
EUR,Any,Any,GR,31,24,2,LT,10.33,Disqualified,VAT_AMOUNT_BELOW_THRESHOLD
EUR,Any,Any,HR,5,13,2,LT,17.38,Disqualified,VAT_AMOUNT_BELOW_THRESHOLD
EUR,Any,Any,HR,6,25,2,LT,10,Disqualified,VAT_AMOUNT_BELOW_THRESHOLD
EUR,Any,Any,HR,12,25,2,LT,10,Disqualified,VAT_AMOUNT_BELOW_THRESHOLD
EUR,Any,Any,HR,20,25,2,LT,10,Disqualified,VAT_AMOUNT_BELOW_THRESHOLD
EUR,Any,Any,HR,27,25,2,LT,10,Disqualified,VAT_AMOUNT_BELOW_THRESHOLD
EUR,Any,Any,HR,30,25,2,LT,10,Disqualified,VAT_AMOUNT_BELOW_THRESHOLD
EUR,Any,Any,HR,31,25,2,LT,10,Disqualified,VAT_AMOUNT_BELOW_THRESHOLD
EUR,Any,Any,HU,4,27,2,LT,9.41,Disqualified,VAT_AMOUNT_BELOW_THRESHOLD
EUR,Any,Any,HU,5,18,2,LT,13.11,Disqualified,VAT_AMOUNT_BELOW_THRESHOLD
EUR,Any,Any,HU,6,27,2,LT,9.41,Disqualified,VAT_AMOUNT_BELOW_THRESHOLD
EUR,Any,Any,HU,12,27,2,LT,9.41,Disqualified,VAT_AMOUNT_BELOW_THRESHOLD
EUR,Any,Any,HU,20,27,2,LT,9.41,Disqualified,VAT_AMOUNT_BELOW_THRESHOLD
EUR,Any,Any,HU,27,27,2,LT,9.41,Disqualified,VAT_AMOUNT_BELOW_THRESHOLD
EUR,Any,Any,HU,30,27,2,LT,9.41,Disqualified,VAT_AMOUNT_BELOW_THRESHOLD
EUR,Any,Any,ID,4,10,2,LT,22,Disqualified,VAT_AMOUNT_BELOW_THRESHOLD
EUR,Any,Any,ID,5,10,2,LT,22,Disqualified,VAT_AMOUNT_BELOW_THRESHOLD
EUR,Any,Any,ID,6,10,2,LT,22,Disqualified,VAT_AMOUNT_BELOW_THRESHOLD
EUR,Any,Any,ID,12,10,2,LT,22,Disqualified,VAT_AMOUNT_BELOW_THRESHOLD
EUR,Any,Any,ID,18,10,2,LT,22,Disqualified,VAT_AMOUNT_BELOW_THRESHOLD
EUR,Any,Any,ID,20,10,2,LT,22,Disqualified,VAT_AMOUNT_BELOW_THRESHOLD
EUR,Any,Any,ID,21,10,2,LT,22,Disqualified,VAT_AMOUNT_BELOW_THRESHOLD
EUR,Any,Any,ID,22,10,2,LT,22,Disqualified,VAT_AMOUNT_BELOW_THRESHOLD
EUR,Any,Any,ID,25,10,2,LT,22,Disqualified,VAT_AMOUNT_BELOW_THRESHOLD
EUR,Any,Any,ID,27,10,2,LT,22,Disqualified,VAT_AMOUNT_BELOW_THRESHOLD
EUR,Any,Any,ID,30,10,2,LT,22,Disqualified,VAT_AMOUNT_BELOW_THRESHOLD
EUR,Any,Any,ID,31,10,2,LT,22,Disqualified,VAT_AMOUNT_BELOW_THRESHOLD
EUR,Any,Any,ID,34,10,2,LT,22,Disqualified,VAT_AMOUNT_BELOW_THRESHOLD
EUR,Any,Any,IE,6,23,2,LT,10.7,Disqualified,VAT_AMOUNT_BELOW_THRESHOLD
EUR,Any,Any,IE,12,23,2,LT,10.7,Disqualified,VAT_AMOUNT_BELOW_THRESHOLD
EUR,Any,Any,IE,18,23,2,LT,10.7,Disqualified,VAT_AMOUNT_BELOW_THRESHOLD
EUR,Any,Any,IE,20,23,2,LT,10.7,Disqualified,VAT_AMOUNT_BELOW_THRESHOLD
EUR,Any,Any,IE,27,23,2,LT,10.7,Disqualified,VAT_AMOUNT_BELOW_THRESHOLD
EUR,Any,Any,IE,30,23,2,LT,10.7,Disqualified,VAT_AMOUNT_BELOW_THRESHOLD
EUR,Any,Any,IE,31,23,2,LT,10.7,Disqualified,VAT_AMOUNT_BELOW_THRESHOLD
EUR,Any,Any,IL,5,17,2,LT,13.76,Disqualified,VAT_AMOUNT_BELOW_THRESHOLD
EUR,Any,Any,IL,6,17,2,LT,13.76,Disqualified,VAT_AMOUNT_BELOW_THRESHOLD
EUR,Any,Any,IL,12,17,2,LT,13.76,Disqualified,VAT_AMOUNT_BELOW_THRESHOLD
EUR,Any,Any,IL,18,10.73,2,LT,20.64,Disqualified,VAT_AMOUNT_BELOW_THRESHOLD
EUR,Any,Any,IL,20,17,2,LT,13.76,Disqualified,VAT_AMOUNT_BELOW_THRESHOLD
EUR,Any,Any,IL,21,17,2,LT,13.76,Disqualified,VAT_AMOUNT_BELOW_THRESHOLD
EUR,Any,Any,IL,22,17,2,LT,13.76,Disqualified,VAT_AMOUNT_BELOW_THRESHOLD
EUR,Any,Any,IL,27,17,2,LT,13.76,Disqualified,VAT_AMOUNT_BELOW_THRESHOLD
EUR,Any,Any,IL,30,10.73,2,LT,20.64,Disqualified,VAT_AMOUNT_BELOW_THRESHOLD
EUR,Any,Any,IL,31,17,2,LT,13.76,Disqualified,VAT_AMOUNT_BELOW_THRESHOLD
EUR,Any,Any,IL,34,17,2,LT,13.76,Disqualified,VAT_AMOUNT_BELOW_THRESHOLD
EUR,Any,Any,IM,4,20,2,LT,12,Disqualified,VAT_AMOUNT_BELOW_THRESHOLD
EUR,Any,Any,IM,5,5,2,LT,42,Disqualified,VAT_AMOUNT_BELOW_THRESHOLD
EUR,Any,Any,IM,6,20,2,LT,12,Disqualified,VAT_AMOUNT_BELOW_THRESHOLD
EUR,Any,Any,IM,12,20,2,LT,12,Disqualified,VAT_AMOUNT_BELOW_THRESHOLD
EUR,Any,Any,IM,18,5,2,LT,42,Disqualified,VAT_AMOUNT_BELOW_THRESHOLD
EUR,Any,Any,IM,20,20,2,LT,12,Disqualified,VAT_AMOUNT_BELOW_THRESHOLD
EUR,Any,Any,IM,21,20,2,LT,12,Disqualified,VAT_AMOUNT_BELOW_THRESHOLD
EUR,Any,Any,IM,25,20,2,LT,12,Disqualified,VAT_AMOUNT_BELOW_THRESHOLD
EUR,Any,Any,IM,27,20,2,LT,12,Disqualified,VAT_AMOUNT_BELOW_THRESHOLD
EUR,Any,Any,IM,30,20,2,LT,12,Disqualified,VAT_AMOUNT_BELOW_THRESHOLD
EUR,Any,Any,IM,31,20,2,LT,12,Disqualified,VAT_AMOUNT_BELOW_THRESHOLD
EUR,Any,Any,IN,4,15,2,LT,15.33,Disqualified,VAT_AMOUNT_BELOW_THRESHOLD
EUR,Any,Any,IN,5,15,2,LT,15.33,Disqualified,VAT_AMOUNT_BELOW_THRESHOLD
EUR,Any,Any,IN,6,15,2,LT,15.33,Disqualified,VAT_AMOUNT_BELOW_THRESHOLD
EUR,Any,Any,IN,12,15,2,LT,15.33,Disqualified,VAT_AMOUNT_BELOW_THRESHOLD
EUR,Any,Any,IN,20,15,2,LT,15.33,Disqualified,VAT_AMOUNT_BELOW_THRESHOLD
EUR,Any,Any,IN,21,15,2,LT,15.33,Disqualified,VAT_AMOUNT_BELOW_THRESHOLD
EUR,Any,Any,IN,22,15,2,LT,15.33,Disqualified,VAT_AMOUNT_BELOW_THRESHOLD
EUR,Any,Any,IN,25,15,2,LT,15.33,Disqualified,VAT_AMOUNT_BELOW_THRESHOLD
EUR,Any,Any,IN,30,5,2,LT,42,Disqualified,VAT_AMOUNT_BELOW_THRESHOLD
EUR,Any,Any,IN,31,15,2,LT,15.33,Disqualified,VAT_AMOUNT_BELOW_THRESHOLD
EUR,Any,Any,IN,34,15,2,LT,15.33,Disqualified,VAT_AMOUNT_BELOW_THRESHOLD
EUR,Any,Any,IR,4,19,2,LT,12.53,Disqualified,VAT_AMOUNT_BELOW_THRESHOLD
EUR,Any,Any,IR,5,7,2,LT,30.57,Disqualified,VAT_AMOUNT_BELOW_THRESHOLD
EUR,Any,Any,IR,6,19,2,LT,12.53,Disqualified,VAT_AMOUNT_BELOW_THRESHOLD
EUR,Any,Any,IR,12,19,2,LT,12.53,Disqualified,VAT_AMOUNT_BELOW_THRESHOLD
EUR,Any,Any,IR,18,19,2,LT,12.53,Disqualified,VAT_AMOUNT_BELOW_THRESHOLD
EUR,Any,Any,IR,20,19,2,LT,12.53,Disqualified,VAT_AMOUNT_BELOW_THRESHOLD
EUR,Any,Any,IR,21,19,2,LT,12.53,Disqualified,VAT_AMOUNT_BELOW_THRESHOLD
EUR,Any,Any,IR,22,10,2,LT,22,Disqualified,VAT_AMOUNT_BELOW_THRESHOLD
EUR,Any,Any,IR,25,19,2,LT,12.53,Disqualified,VAT_AMOUNT_BELOW_THRESHOLD
EUR,Any,Any,IR,27,19,2,LT,12.53,Disqualified,VAT_AMOUNT_BELOW_THRESHOLD
EUR,Any,Any,IR,30,19,2,LT,12.53,Disqualified,VAT_AMOUNT_BELOW_THRESHOLD
EUR,Any,Any,IR,31,19,2,LT,12.53,Disqualified,VAT_AMOUNT_BELOW_THRESHOLD
EUR,Any,Any,IS,5,11,2,LT,20.18,Disqualified,VAT_AMOUNT_BELOW_THRESHOLD
EUR,Any,Any,IS,6,24,2,LT,10.33,Disqualified,VAT_AMOUNT_BELOW_THRESHOLD
EUR,Any,Any,IS,12,24,2,LT,10.33,Disqualified,VAT_AMOUNT_BELOW_THRESHOLD
EUR,Any,Any,IS,18,24,2,LT,10.33,Disqualified,VAT_AMOUNT_BELOW_THRESHOLD
EUR,Any,Any,IS,20,24,2,LT,10.33,Disqualified,VAT_AMOUNT_BELOW_THRESHOLD
EUR,Any,Any,IS,27,24,2,LT,10.33,Disqualified,VAT_AMOUNT_BELOW_THRESHOLD
EUR,Any,Any,IS,30,24,2,LT,10.33,Disqualified,VAT_AMOUNT_BELOW_THRESHOLD
EUR,Any,Any,IS,31,24,2,LT,10.33,Disqualified,VAT_AMOUNT_BELOW_THRESHOLD
EUR,Any,Any,IT,4,7.77,2,LT,27.74,Disqualified,VAT_AMOUNT_BELOW_THRESHOLD
EUR,Any,Any,IT,5,10,2,LT,22,Disqualified,VAT_AMOUNT_BELOW_THRESHOLD
EUR,Any,Any,IT,6,22,2,LT,11.09,Disqualified,VAT_AMOUNT_BELOW_THRESHOLD
EUR,Any,Any,IT,12,22,2,LT,11.09,Disqualified,VAT_AMOUNT_BELOW_THRESHOLD
EUR,Any,Any,IT,18,7.77,2,LT,27.74,Disqualified,VAT_AMOUNT_BELOW_THRESHOLD
EUR,Any,Any,IT,20,22,2,LT,11.09,Disqualified,VAT_AMOUNT_BELOW_THRESHOLD
EUR,Any,Any,IT,25,10,2,LT,22,Disqualified,VAT_AMOUNT_BELOW_THRESHOLD
EUR,Any,Any,IT,27,22,2,LT,11.09,Disqualified,VAT_AMOUNT_BELOW_THRESHOLD
EUR,Any,Any,IT,30,22,2,LT,11.09,Disqualified,VAT_AMOUNT_BELOW_THRESHOLD
EUR,Any,Any,IT,31,22,2,LT,11.09,Disqualified,VAT_AMOUNT_BELOW_THRESHOLD
EUR,Any,Any,IT,34,7.77,2,LT,27.74,Disqualified,VAT_AMOUNT_BELOW_THRESHOLD
EUR,Any,Any,JE,4,5,2,LT,42,Disqualified,VAT_AMOUNT_BELOW_THRESHOLD
EUR,Any,Any,JE,5,5,2,LT,42,Disqualified,VAT_AMOUNT_BELOW_THRESHOLD
EUR,Any,Any,JE,6,5,2,LT,42,Disqualified,VAT_AMOUNT_BELOW_THRESHOLD
EUR,Any,Any,JE,12,5,2,LT,42,Disqualified,VAT_AMOUNT_BELOW_THRESHOLD
EUR,Any,Any,JE,18,5,2,LT,42,Disqualified,VAT_AMOUNT_BELOW_THRESHOLD
EUR,Any,Any,JE,21,5,2,LT,42,Disqualified,VAT_AMOUNT_BELOW_THRESHOLD
EUR,Any,Any,JE,22,5,2,LT,42,Disqualified,VAT_AMOUNT_BELOW_THRESHOLD
EUR,Any,Any,JE,25,5,2,LT,42,Disqualified,VAT_AMOUNT_BELOW_THRESHOLD
EUR,Any,Any,JE,27,5,2,LT,42,Disqualified,VAT_AMOUNT_BELOW_THRESHOLD
EUR,Any,Any,JE,30,5,2,LT,42,Disqualified,VAT_AMOUNT_BELOW_THRESHOLD
EUR,Any,Any,JE,31,5,2,LT,42,Disqualified,VAT_AMOUNT_BELOW_THRESHOLD
EUR,Any,Any,JM,4,16.5,2,LT,14.12,Disqualified,VAT_AMOUNT_BELOW_THRESHOLD
EUR,Any,Any,JM,5,16.5,2,LT,14.12,Disqualified,VAT_AMOUNT_BELOW_THRESHOLD
EUR,Any,Any,JM,6,16.5,2,LT,14.12,Disqualified,VAT_AMOUNT_BELOW_THRESHOLD
EUR,Any,Any,JM,12,16.5,2,LT,14.12,Disqualified,VAT_AMOUNT_BELOW_THRESHOLD
EUR,Any,Any,JM,18,16.5,2,LT,14.12,Disqualified,VAT_AMOUNT_BELOW_THRESHOLD
EUR,Any,Any,JM,20,16.5,2,LT,14.12,Disqualified,VAT_AMOUNT_BELOW_THRESHOLD
EUR,Any,Any,JM,21,16.5,2,LT,14.12,Disqualified,VAT_AMOUNT_BELOW_THRESHOLD
EUR,Any,Any,JM,25,16.5,2,LT,14.12,Disqualified,VAT_AMOUNT_BELOW_THRESHOLD
EUR,Any,Any,JM,27,16.5,2,LT,14.12,Disqualified,VAT_AMOUNT_BELOW_THRESHOLD
EUR,Any,Any,JM,30,25,2,LT,10,Disqualified,VAT_AMOUNT_BELOW_THRESHOLD
EUR,Any,Any,JM,31,16.5,2,LT,14.12,Disqualified,VAT_AMOUNT_BELOW_THRESHOLD
EUR,Any,Any,JM,34,16.5,2,LT,14.12,Disqualified,VAT_AMOUNT_BELOW_THRESHOLD
EUR,Any,Any,JO,4,16,2,LT,14.5,Disqualified,VAT_AMOUNT_BELOW_THRESHOLD
EUR,Any,Any,JO,6,16,2,LT,14.5,Disqualified,VAT_AMOUNT_BELOW_THRESHOLD
EUR,Any,Any,JO,12,16,2,LT,14.5,Disqualified,VAT_AMOUNT_BELOW_THRESHOLD
EUR,Any,Any,JO,18,16,2,LT,14.5,Disqualified,VAT_AMOUNT_BELOW_THRESHOLD
EUR,Any,Any,JO,20,16,2,LT,14.5,Disqualified,VAT_AMOUNT_BELOW_THRESHOLD
EUR,Any,Any,JO,22,16,2,LT,14.5,Disqualified,VAT_AMOUNT_BELOW_THRESHOLD
EUR,Any,Any,JO,27,16,2,LT,14.5,Disqualified,VAT_AMOUNT_BELOW_THRESHOLD
EUR,Any,Any,JO,30,16,2,LT,14.5,Disqualified,VAT_AMOUNT_BELOW_THRESHOLD
EUR,Any,Any,JO,31,16,2,LT,14.5,Disqualified,VAT_AMOUNT_BELOW_THRESHOLD
EUR,Any,Any,JP,4,8,2,LT,27,Disqualified,VAT_AMOUNT_BELOW_THRESHOLD
EUR,Any,Any,JP,5,8,2,LT,27,Disqualified,VAT_AMOUNT_BELOW_THRESHOLD
EUR,Any,Any,JP,6,8,2,LT,27,Disqualified,VAT_AMOUNT_BELOW_THRESHOLD
EUR,Any,Any,JP,12,8,2,LT,27,Disqualified,VAT_AMOUNT_BELOW_THRESHOLD
EUR,Any,Any,JP,18,8,2,LT,27,Disqualified,VAT_AMOUNT_BELOW_THRESHOLD
EUR,Any,Any,JP,20,8,2,LT,27,Disqualified,VAT_AMOUNT_BELOW_THRESHOLD
EUR,Any,Any,JP,21,8,2,LT,27,Disqualified,VAT_AMOUNT_BELOW_THRESHOLD
EUR,Any,Any,JP,22,8,2,LT,27,Disqualified,VAT_AMOUNT_BELOW_THRESHOLD
EUR,Any,Any,JP,25,8,2,LT,27,Disqualified,VAT_AMOUNT_BELOW_THRESHOLD
EUR,Any,Any,JP,27,8,2,LT,27,Disqualified,VAT_AMOUNT_BELOW_THRESHOLD
EUR,Any,Any,JP,30,8,2,LT,27,Disqualified,VAT_AMOUNT_BELOW_THRESHOLD
EUR,Any,Any,JP,31,8,2,LT,27,Disqualified,VAT_AMOUNT_BELOW_THRESHOLD
EUR,Any,Any,KE,5,16,2,LT,14.5,Disqualified,VAT_AMOUNT_BELOW_THRESHOLD
EUR,Any,Any,KE,6,16,2,LT,14.5,Disqualified,VAT_AMOUNT_BELOW_THRESHOLD
EUR,Any,Any,KE,12,16,2,LT,14.5,Disqualified,VAT_AMOUNT_BELOW_THRESHOLD
EUR,Any,Any,KE,20,16,2,LT,14.5,Disqualified,VAT_AMOUNT_BELOW_THRESHOLD
EUR,Any,Any,KE,21,16,2,LT,14.5,Disqualified,VAT_AMOUNT_BELOW_THRESHOLD
EUR,Any,Any,KE,25,16,2,LT,14.5,Disqualified,VAT_AMOUNT_BELOW_THRESHOLD
EUR,Any,Any,KE,27,16,2,LT,14.5,Disqualified,VAT_AMOUNT_BELOW_THRESHOLD
EUR,Any,Any,KE,30,16,2,LT,14.5,Disqualified,VAT_AMOUNT_BELOW_THRESHOLD
EUR,Any,Any,KE,31,16,2,LT,14.5,Disqualified,VAT_AMOUNT_BELOW_THRESHOLD
EUR,Any,Any,KE,34,16,2,LT,14.5,Disqualified,VAT_AMOUNT_BELOW_THRESHOLD
EUR,Any,Any,KR,4,10,2,LT,22,Disqualified,VAT_AMOUNT_BELOW_THRESHOLD
EUR,Any,Any,KR,5,10,2,LT,22,Disqualified,VAT_AMOUNT_BELOW_THRESHOLD
EUR,Any,Any,KR,6,10,2,LT,22,Disqualified,VAT_AMOUNT_BELOW_THRESHOLD
EUR,Any,Any,KR,12,10,2,LT,22,Disqualified,VAT_AMOUNT_BELOW_THRESHOLD
EUR,Any,Any,KR,18,10,2,LT,22,Disqualified,VAT_AMOUNT_BELOW_THRESHOLD
EUR,Any,Any,KR,20,10,2,LT,22,Disqualified,VAT_AMOUNT_BELOW_THRESHOLD
EUR,Any,Any,KR,22,10,2,LT,22,Disqualified,VAT_AMOUNT_BELOW_THRESHOLD
EUR,Any,Any,KR,25,10,2,LT,22,Disqualified,VAT_AMOUNT_BELOW_THRESHOLD
EUR,Any,Any,KR,27,10,2,LT,22,Disqualified,VAT_AMOUNT_BELOW_THRESHOLD
EUR,Any,Any,KR,30,10,2,LT,22,Disqualified,VAT_AMOUNT_BELOW_THRESHOLD
EUR,Any,Any,KR,31,10,2,LT,22,Disqualified,VAT_AMOUNT_BELOW_THRESHOLD
EUR,Any,Any,KR,34,10,2,LT,22,Disqualified,VAT_AMOUNT_BELOW_THRESHOLD
EUR,Any,Any,LI,4,8,2,LT,27,Disqualified,VAT_AMOUNT_BELOW_THRESHOLD
EUR,Any,Any,LI,5,3.8,2,LT,54.63,Disqualified,VAT_AMOUNT_BELOW_THRESHOLD
EUR,Any,Any,LI,6,8,2,LT,27,Disqualified,VAT_AMOUNT_BELOW_THRESHOLD
EUR,Any,Any,LI,12,8,2,LT,27,Disqualified,VAT_AMOUNT_BELOW_THRESHOLD
EUR,Any,Any,LI,18,8,2,LT,27,Disqualified,VAT_AMOUNT_BELOW_THRESHOLD
EUR,Any,Any,LI,20,8,2,LT,27,Disqualified,VAT_AMOUNT_BELOW_THRESHOLD
EUR,Any,Any,LI,21,8,2,LT,27,Disqualified,VAT_AMOUNT_BELOW_THRESHOLD
EUR,Any,Any,LI,22,8,2,LT,27,Disqualified,VAT_AMOUNT_BELOW_THRESHOLD
EUR,Any,Any,LI,25,8,2,LT,27,Disqualified,VAT_AMOUNT_BELOW_THRESHOLD
EUR,Any,Any,LI,27,8,2,LT,27,Disqualified,VAT_AMOUNT_BELOW_THRESHOLD
EUR,Any,Any,LI,30,8,2,LT,27,Disqualified,VAT_AMOUNT_BELOW_THRESHOLD
EUR,Any,Any,LI,31,8,2,LT,27,Disqualified,VAT_AMOUNT_BELOW_THRESHOLD
EUR,Any,Any,LI,34,8,2,LT,27,Disqualified,VAT_AMOUNT_BELOW_THRESHOLD
EUR,Any,Any,LT,5,9,2,LT,24.22,Disqualified,VAT_AMOUNT_BELOW_THRESHOLD
EUR,Any,Any,LT,6,21,2,LT,11.52,Disqualified,VAT_AMOUNT_BELOW_THRESHOLD
EUR,Any,Any,LT,12,21,2,LT,11.52,Disqualified,VAT_AMOUNT_BELOW_THRESHOLD
EUR,Any,Any,LT,18,21,2,LT,11.52,Disqualified,VAT_AMOUNT_BELOW_THRESHOLD
EUR,Any,Any,LT,20,21,2,LT,11.52,Disqualified,VAT_AMOUNT_BELOW_THRESHOLD
EUR,Any,Any,LT,22,21,2,LT,11.52,Disqualified,VAT_AMOUNT_BELOW_THRESHOLD
EUR,Any,Any,LT,25,21,2,LT,11.52,Disqualified,VAT_AMOUNT_BELOW_THRESHOLD
EUR,Any,Any,LT,27,21,2,LT,11.52,Disqualified,VAT_AMOUNT_BELOW_THRESHOLD
EUR,Any,Any,LT,30,21,2,LT,11.52,Disqualified,VAT_AMOUNT_BELOW_THRESHOLD
EUR,Any,Any,LT,31,21,2,LT,11.52,Disqualified,VAT_AMOUNT_BELOW_THRESHOLD
EUR,Any,Any,LU,4,17,2,LT,13.76,Disqualified,VAT_AMOUNT_BELOW_THRESHOLD
EUR,Any,Any,LU,5,3,2,LT,68.67,Disqualified,VAT_AMOUNT_BELOW_THRESHOLD
EUR,Any,Any,LU,6,17,2,LT,13.76,Disqualified,VAT_AMOUNT_BELOW_THRESHOLD
EUR,Any,Any,LU,12,17,2,LT,13.76,Disqualified,VAT_AMOUNT_BELOW_THRESHOLD
EUR,Any,Any,LU,18,17,2,LT,13.76,Disqualified,VAT_AMOUNT_BELOW_THRESHOLD
EUR,Any,Any,LU,20,17,2,LT,13.76,Disqualified,VAT_AMOUNT_BELOW_THRESHOLD
EUR,Any,Any,LU,21,17,2,LT,13.76,Disqualified,VAT_AMOUNT_BELOW_THRESHOLD
EUR,Any,Any,LU,22,3,2,LT,68.67,Disqualified,VAT_AMOUNT_BELOW_THRESHOLD
EUR,Any,Any,LU,25,3,2,LT,68.67,Disqualified,VAT_AMOUNT_BELOW_THRESHOLD
EUR,Any,Any,LU,27,17,2,LT,13.76,Disqualified,VAT_AMOUNT_BELOW_THRESHOLD
EUR,Any,Any,LU,30,17,2,LT,13.76,Disqualified,VAT_AMOUNT_BELOW_THRESHOLD
EUR,Any,Any,LU,31,17,2,LT,13.76,Disqualified,VAT_AMOUNT_BELOW_THRESHOLD
EUR,Any,Any,LU,34,17,2,LT,13.76,Disqualified,VAT_AMOUNT_BELOW_THRESHOLD
EUR,Any,Any,LV,4,9.5,2,LT,23.05,Disqualified,VAT_AMOUNT_BELOW_THRESHOLD
EUR,Any,Any,LV,5,12,2,LT,18.67,Disqualified,VAT_AMOUNT_BELOW_THRESHOLD
EUR,Any,Any,LV,6,21,2,LT,11.52,Disqualified,VAT_AMOUNT_BELOW_THRESHOLD
EUR,Any,Any,LV,12,21,2,LT,11.52,Disqualified,VAT_AMOUNT_BELOW_THRESHOLD
EUR,Any,Any,LV,18,21,2,LT,11.52,Disqualified,VAT_AMOUNT_BELOW_THRESHOLD
EUR,Any,Any,LV,20,21,2,LT,11.52,Disqualified,VAT_AMOUNT_BELOW_THRESHOLD
EUR,Any,Any,LV,22,12,2,LT,18.67,Disqualified,VAT_AMOUNT_BELOW_THRESHOLD
EUR,Any,Any,LV,27,21,2,LT,11.52,Disqualified,VAT_AMOUNT_BELOW_THRESHOLD
EUR,Any,Any,LV,30,21,2,LT,11.52,Disqualified,VAT_AMOUNT_BELOW_THRESHOLD
EUR,Any,Any,LV,31,21,2,LT,11.52,Disqualified,VAT_AMOUNT_BELOW_THRESHOLD
EUR,Any,Any,LV,34,21,2,LT,11.52,Disqualified,VAT_AMOUNT_BELOW_THRESHOLD
EUR,Any,Any,MA,4,20,2,LT,12,Disqualified,VAT_AMOUNT_BELOW_THRESHOLD
EUR,Any,Any,MA,5,10,2,LT,22,Disqualified,VAT_AMOUNT_BELOW_THRESHOLD
EUR,Any,Any,MA,6,20,2,LT,12,Disqualified,VAT_AMOUNT_BELOW_THRESHOLD
EUR,Any,Any,MA,12,20,2,LT,12,Disqualified,VAT_AMOUNT_BELOW_THRESHOLD
EUR,Any,Any,MA,18,20,2,LT,12,Disqualified,VAT_AMOUNT_BELOW_THRESHOLD
EUR,Any,Any,MA,20,20,2,LT,12,Disqualified,VAT_AMOUNT_BELOW_THRESHOLD
EUR,Any,Any,MA,21,20,2,LT,12,Disqualified,VAT_AMOUNT_BELOW_THRESHOLD
EUR,Any,Any,MA,22,14,2,LT,16.29,Disqualified,VAT_AMOUNT_BELOW_THRESHOLD
EUR,Any,Any,MA,27,20,2,LT,12,Disqualified,VAT_AMOUNT_BELOW_THRESHOLD
EUR,Any,Any,MA,30,20,2,LT,12,Disqualified,VAT_AMOUNT_BELOW_THRESHOLD
EUR,Any,Any,MA,31,20,2,LT,12,Disqualified,VAT_AMOUNT_BELOW_THRESHOLD
EUR,Any,Any,MA,34,20,2,LT,12,Disqualified,VAT_AMOUNT_BELOW_THRESHOLD
EUR,Any,Any,MC,6,20,2,LT,12,Disqualified,VAT_AMOUNT_BELOW_THRESHOLD
EUR,Any,Any,MC,12,20,2,LT,12,Disqualified,VAT_AMOUNT_BELOW_THRESHOLD
EUR,Any,Any,MC,20,20,2,LT,12,Disqualified,VAT_AMOUNT_BELOW_THRESHOLD
EUR,Any,Any,MC,21,20,2,LT,12,Disqualified,VAT_AMOUNT_BELOW_THRESHOLD
EUR,Any,Any,MC,25,10,2,LT,22,Disqualified,VAT_AMOUNT_BELOW_THRESHOLD
EUR,Any,Any,MC,27,20,2,LT,12,Disqualified,VAT_AMOUNT_BELOW_THRESHOLD
EUR,Any,Any,MC,30,20,2,LT,12,Disqualified,VAT_AMOUNT_BELOW_THRESHOLD
EUR,Any,Any,MC,31,20,2,LT,12,Disqualified,VAT_AMOUNT_BELOW_THRESHOLD
EUR,Any,Any,MK,4,18,2,LT,13.11,Disqualified,VAT_AMOUNT_BELOW_THRESHOLD
EUR,Any,Any,MK,6,18,2,LT,13.11,Disqualified,VAT_AMOUNT_BELOW_THRESHOLD
EUR,Any,Any,MK,12,18,2,LT,13.11,Disqualified,VAT_AMOUNT_BELOW_THRESHOLD
EUR,Any,Any,MK,18,18,2,LT,13.11,Disqualified,VAT_AMOUNT_BELOW_THRESHOLD
EUR,Any,Any,MK,20,18,2,LT,13.11,Disqualified,VAT_AMOUNT_BELOW_THRESHOLD
EUR,Any,Any,MK,21,18,2,LT,13.11,Disqualified,VAT_AMOUNT_BELOW_THRESHOLD
EUR,Any,Any,MK,22,18,2,LT,13.11,Disqualified,VAT_AMOUNT_BELOW_THRESHOLD
EUR,Any,Any,MK,27,18,2,LT,13.11,Disqualified,VAT_AMOUNT_BELOW_THRESHOLD
EUR,Any,Any,MK,30,18,2,LT,13.11,Disqualified,VAT_AMOUNT_BELOW_THRESHOLD
EUR,Any,Any,MK,31,18,2,LT,13.11,Disqualified,VAT_AMOUNT_BELOW_THRESHOLD
EUR,Any,Any,MK,34,18,2,LT,13.11,Disqualified,VAT_AMOUNT_BELOW_THRESHOLD
EUR,Any,Any,MT,5,7,2,LT,30.57,Disqualified,VAT_AMOUNT_BELOW_THRESHOLD
EUR,Any,Any,MT,6,18,2,LT,13.11,Disqualified,VAT_AMOUNT_BELOW_THRESHOLD
EUR,Any,Any,MT,12,18,2,LT,13.11,Disqualified,VAT_AMOUNT_BELOW_THRESHOLD
EUR,Any,Any,MT,18,18,2,LT,13.11,Disqualified,VAT_AMOUNT_BELOW_THRESHOLD
EUR,Any,Any,MT,20,18,2,LT,13.11,Disqualified,VAT_AMOUNT_BELOW_THRESHOLD
EUR,Any,Any,MT,25,5,2,LT,42,Disqualified,VAT_AMOUNT_BELOW_THRESHOLD
EUR,Any,Any,MT,27,18,2,LT,13.11,Disqualified,VAT_AMOUNT_BELOW_THRESHOLD
EUR,Any,Any,MT,30,18,2,LT,13.11,Disqualified,VAT_AMOUNT_BELOW_THRESHOLD
EUR,Any,Any,MT,31,18,2,LT,13.11,Disqualified,VAT_AMOUNT_BELOW_THRESHOLD
EUR,Any,Any,MX,4,16,2,LT,14.5,Disqualified,VAT_AMOUNT_BELOW_THRESHOLD
EUR,Any,Any,MX,5,16,2,LT,14.5,Disqualified,VAT_AMOUNT_BELOW_THRESHOLD
EUR,Any,Any,MX,6,16,2,LT,14.5,Disqualified,VAT_AMOUNT_BELOW_THRESHOLD
EUR,Any,Any,MX,12,16,2,LT,14.5,Disqualified,VAT_AMOUNT_BELOW_THRESHOLD
EUR,Any,Any,MX,18,16,2,LT,14.5,Disqualified,VAT_AMOUNT_BELOW_THRESHOLD
EUR,Any,Any,MX,20,16,2,LT,14.5,Disqualified,VAT_AMOUNT_BELOW_THRESHOLD
EUR,Any,Any,MX,25,16,2,LT,14.5,Disqualified,VAT_AMOUNT_BELOW_THRESHOLD
EUR,Any,Any,MX,27,16,2,LT,14.5,Disqualified,VAT_AMOUNT_BELOW_THRESHOLD
EUR,Any,Any,MX,30,16,2,LT,14.5,Disqualified,VAT_AMOUNT_BELOW_THRESHOLD
EUR,Any,Any,MX,31,16,2,LT,14.5,Disqualified,VAT_AMOUNT_BELOW_THRESHOLD
EUR,Any,Any,MX,34,16,2,LT,14.5,Disqualified,VAT_AMOUNT_BELOW_THRESHOLD
EUR,Any,Any,MY,5,6,2,LT,35.33,Disqualified,VAT_AMOUNT_BELOW_THRESHOLD
EUR,Any,Any,MY,6,6,2,LT,35.33,Disqualified,VAT_AMOUNT_BELOW_THRESHOLD
EUR,Any,Any,MY,12,6,2,LT,35.33,Disqualified,VAT_AMOUNT_BELOW_THRESHOLD
EUR,Any,Any,MY,18,6,2,LT,35.33,Disqualified,VAT_AMOUNT_BELOW_THRESHOLD
EUR,Any,Any,MY,20,6,2,LT,35.33,Disqualified,VAT_AMOUNT_BELOW_THRESHOLD
EUR,Any,Any,MY,21,6,2,LT,35.33,Disqualified,VAT_AMOUNT_BELOW_THRESHOLD
EUR,Any,Any,MY,22,6,2,LT,35.33,Disqualified,VAT_AMOUNT_BELOW_THRESHOLD
EUR,Any,Any,MY,25,6,2,LT,35.33,Disqualified,VAT_AMOUNT_BELOW_THRESHOLD
EUR,Any,Any,MY,27,6,2,LT,35.33,Disqualified,VAT_AMOUNT_BELOW_THRESHOLD
EUR,Any,Any,MY,30,6,2,LT,35.33,Disqualified,VAT_AMOUNT_BELOW_THRESHOLD
EUR,Any,Any,MY,31,6,2,LT,35.33,Disqualified,VAT_AMOUNT_BELOW_THRESHOLD
EUR,Any,Any,MY,34,6,2,LT,35.33,Disqualified,VAT_AMOUNT_BELOW_THRESHOLD
EUR,Any,Any,NL,4,17.06,2,LT,13.72,Disqualified,VAT_AMOUNT_BELOW_THRESHOLD
EUR,Any,Any,NL,5,6,2,LT,35.33,Disqualified,VAT_AMOUNT_BELOW_THRESHOLD
EUR,Any,Any,NL,6,21,2,LT,11.52,Disqualified,VAT_AMOUNT_BELOW_THRESHOLD
EUR,Any,Any,NL,12,21,2,LT,11.52,Disqualified,VAT_AMOUNT_BELOW_THRESHOLD
EUR,Any,Any,NL,18,21,2,LT,11.52,Disqualified,VAT_AMOUNT_BELOW_THRESHOLD
EUR,Any,Any,NL,20,21,2,LT,11.52,Disqualified,VAT_AMOUNT_BELOW_THRESHOLD
EUR,Any,Any,NL,21,21,2,LT,11.52,Disqualified,VAT_AMOUNT_BELOW_THRESHOLD
EUR,Any,Any,NL,22,6,2,LT,35.33,Disqualified,VAT_AMOUNT_BELOW_THRESHOLD
EUR,Any,Any,NL,27,21,2,LT,11.52,Disqualified,VAT_AMOUNT_BELOW_THRESHOLD
EUR,Any,Any,NL,30,21,2,LT,11.52,Disqualified,VAT_AMOUNT_BELOW_THRESHOLD
EUR,Any,Any,NL,31,21,2,LT,11.52,Disqualified,VAT_AMOUNT_BELOW_THRESHOLD
EUR,Any,Any,NL,34,21,2,LT,11.52,Disqualified,VAT_AMOUNT_BELOW_THRESHOLD
EUR,Any,Any,NO,5,10,2,LT,22,Disqualified,VAT_AMOUNT_BELOW_THRESHOLD
EUR,Any,Any,NO,22,10,2,LT,22,Disqualified,VAT_AMOUNT_BELOW_THRESHOLD
EUR,Any,Any,NZ,4,15,2,LT,15.33,Disqualified,VAT_AMOUNT_BELOW_THRESHOLD
EUR,Any,Any,NZ,5,15,2,LT,15.33,Disqualified,VAT_AMOUNT_BELOW_THRESHOLD
EUR,Any,Any,NZ,6,15,2,LT,15.33,Disqualified,VAT_AMOUNT_BELOW_THRESHOLD
EUR,Any,Any,NZ,12,15,2,LT,15.33,Disqualified,VAT_AMOUNT_BELOW_THRESHOLD
EUR,Any,Any,NZ,18,15,2,LT,15.33,Disqualified,VAT_AMOUNT_BELOW_THRESHOLD
EUR,Any,Any,NZ,20,15,2,LT,15.33,Disqualified,VAT_AMOUNT_BELOW_THRESHOLD
EUR,Any,Any,NZ,21,15,2,LT,15.33,Disqualified,VAT_AMOUNT_BELOW_THRESHOLD
EUR,Any,Any,NZ,22,15,2,LT,15.33,Disqualified,VAT_AMOUNT_BELOW_THRESHOLD
EUR,Any,Any,NZ,25,15,2,LT,15.33,Disqualified,VAT_AMOUNT_BELOW_THRESHOLD
EUR,Any,Any,NZ,27,15,2,LT,15.33,Disqualified,VAT_AMOUNT_BELOW_THRESHOLD
EUR,Any,Any,NZ,30,15,2,LT,15.33,Disqualified,VAT_AMOUNT_BELOW_THRESHOLD
EUR,Any,Any,NZ,31,15,2,LT,15.33,Disqualified,VAT_AMOUNT_BELOW_THRESHOLD
EUR,Any,Any,PE,4,18,2,LT,13.11,Disqualified,VAT_AMOUNT_BELOW_THRESHOLD
EUR,Any,Any,PE,5,18,2,LT,13.11,Disqualified,VAT_AMOUNT_BELOW_THRESHOLD
EUR,Any,Any,PE,6,18,2,LT,13.11,Disqualified,VAT_AMOUNT_BELOW_THRESHOLD
EUR,Any,Any,PE,12,18,2,LT,13.11,Disqualified,VAT_AMOUNT_BELOW_THRESHOLD
EUR,Any,Any,PE,18,18,2,LT,13.11,Disqualified,VAT_AMOUNT_BELOW_THRESHOLD
EUR,Any,Any,PE,20,18,2,LT,13.11,Disqualified,VAT_AMOUNT_BELOW_THRESHOLD
EUR,Any,Any,PE,21,18,2,LT,13.11,Disqualified,VAT_AMOUNT_BELOW_THRESHOLD
EUR,Any,Any,PE,22,18,2,LT,13.11,Disqualified,VAT_AMOUNT_BELOW_THRESHOLD
EUR,Any,Any,PE,25,18,2,LT,13.11,Disqualified,VAT_AMOUNT_BELOW_THRESHOLD
EUR,Any,Any,PE,27,18,2,LT,13.11,Disqualified,VAT_AMOUNT_BELOW_THRESHOLD
EUR,Any,Any,PE,30,18,2,LT,13.11,Disqualified,VAT_AMOUNT_BELOW_THRESHOLD
EUR,Any,Any,PE,31,18,2,LT,13.11,Disqualified,VAT_AMOUNT_BELOW_THRESHOLD
EUR,Any,Any,PE,34,18,2,LT,13.11,Disqualified,VAT_AMOUNT_BELOW_THRESHOLD
EUR,Any,Any,PH,4,12,2,LT,18.67,Disqualified,VAT_AMOUNT_BELOW_THRESHOLD
EUR,Any,Any,PH,5,12,2,LT,18.67,Disqualified,VAT_AMOUNT_BELOW_THRESHOLD
EUR,Any,Any,PH,6,12,2,LT,18.67,Disqualified,VAT_AMOUNT_BELOW_THRESHOLD
EUR,Any,Any,PH,18,12,2,LT,18.67,Disqualified,VAT_AMOUNT_BELOW_THRESHOLD
EUR,Any,Any,PH,20,12,2,LT,18.67,Disqualified,VAT_AMOUNT_BELOW_THRESHOLD
EUR,Any,Any,PH,22,12,2,LT,18.67,Disqualified,VAT_AMOUNT_BELOW_THRESHOLD
EUR,Any,Any,PH,25,12,2,LT,18.67,Disqualified,VAT_AMOUNT_BELOW_THRESHOLD
EUR,Any,Any,PH,27,12,2,LT,18.67,Disqualified,VAT_AMOUNT_BELOW_THRESHOLD
EUR,Any,Any,PH,30,12,2,LT,18.67,Disqualified,VAT_AMOUNT_BELOW_THRESHOLD
EUR,Any,Any,PH,31,12,2,LT,18.67,Disqualified,VAT_AMOUNT_BELOW_THRESHOLD
EUR,Any,Any,PH,34,12,2,LT,18.67,Disqualified,VAT_AMOUNT_BELOW_THRESHOLD
EUR,Any,Any,PK,4,15,2,LT,15.33,Disqualified,VAT_AMOUNT_BELOW_THRESHOLD
EUR,Any,Any,PK,5,15,2,LT,15.33,Disqualified,VAT_AMOUNT_BELOW_THRESHOLD
EUR,Any,Any,PK,6,15,2,LT,15.33,Disqualified,VAT_AMOUNT_BELOW_THRESHOLD
EUR,Any,Any,PK,12,17,2,LT,13.76,Disqualified,VAT_AMOUNT_BELOW_THRESHOLD
EUR,Any,Any,PK,18,17,2,LT,13.76,Disqualified,VAT_AMOUNT_BELOW_THRESHOLD
EUR,Any,Any,PK,20,15,2,LT,15.33,Disqualified,VAT_AMOUNT_BELOW_THRESHOLD
EUR,Any,Any,PK,22,15,2,LT,15.33,Disqualified,VAT_AMOUNT_BELOW_THRESHOLD
EUR,Any,Any,PK,25,15,2,LT,15.33,Disqualified,VAT_AMOUNT_BELOW_THRESHOLD
EUR,Any,Any,PK,30,19.5,2,LT,12.26,Disqualified,VAT_AMOUNT_BELOW_THRESHOLD
EUR,Any,Any,PK,31,15,2,LT,15.33,Disqualified,VAT_AMOUNT_BELOW_THRESHOLD
EUR,Any,Any,PK,34,15,2,LT,15.33,Disqualified,VAT_AMOUNT_BELOW_THRESHOLD
EUR,Any,Any,PL,18,10.31,2,LT,21.4,Disqualified,VAT_AMOUNT_BELOW_THRESHOLD
EUR,Any,Any,PT,6,4.9,2,LT,42.82,Disqualified,VAT_AMOUNT_BELOW_THRESHOLD
EUR,Any,Any,PT,18,6.1,2,LT,34.79,Disqualified,VAT_AMOUNT_BELOW_THRESHOLD
EUR,Any,Any,PT,20,23,2,LT,10.7,Disqualified,VAT_AMOUNT_BELOW_THRESHOLD
EUR,Any,Any,RO,4,9.09,2,LT,24,Disqualified,VAT_AMOUNT_BELOW_THRESHOLD
EUR,Any,Any,RO,6,20,2,LT,12,Disqualified,VAT_AMOUNT_BELOW_THRESHOLD
EUR,Any,Any,RO,12,20,2,LT,12,Disqualified,VAT_AMOUNT_BELOW_THRESHOLD
EUR,Any,Any,RO,18,9.09,2,LT,24,Disqualified,VAT_AMOUNT_BELOW_THRESHOLD
EUR,Any,Any,RO,20,20,2,LT,12,Disqualified,VAT_AMOUNT_BELOW_THRESHOLD
EUR,Any,Any,RO,21,20,2,LT,12,Disqualified,VAT_AMOUNT_BELOW_THRESHOLD
EUR,Any,Any,RO,22,20,2,LT,12,Disqualified,VAT_AMOUNT_BELOW_THRESHOLD
EUR,Any,Any,RO,27,20,2,LT,12,Disqualified,VAT_AMOUNT_BELOW_THRESHOLD
EUR,Any,Any,RO,30,20,2,LT,12,Disqualified,VAT_AMOUNT_BELOW_THRESHOLD
EUR,Any,Any,RO,34,9.09,2,LT,24,Disqualified,VAT_AMOUNT_BELOW_THRESHOLD
EUR,Any,Any,RS,4,20,2,LT,12,Disqualified,VAT_AMOUNT_BELOW_THRESHOLD
EUR,Any,Any,RS,5,10,2,LT,22,Disqualified,VAT_AMOUNT_BELOW_THRESHOLD
EUR,Any,Any,RS,6,20,2,LT,12,Disqualified,VAT_AMOUNT_BELOW_THRESHOLD
EUR,Any,Any,RS,12,20,2,LT,12,Disqualified,VAT_AMOUNT_BELOW_THRESHOLD
EUR,Any,Any,RS,18,20,2,LT,12,Disqualified,VAT_AMOUNT_BELOW_THRESHOLD
EUR,Any,Any,RS,20,20,2,LT,12,Disqualified,VAT_AMOUNT_BELOW_THRESHOLD
EUR,Any,Any,RS,27,20,2,LT,12,Disqualified,VAT_AMOUNT_BELOW_THRESHOLD
EUR,Any,Any,RS,30,20,2,LT,12,Disqualified,VAT_AMOUNT_BELOW_THRESHOLD
EUR,Any,Any,RS,31,20,2,LT,12,Disqualified,VAT_AMOUNT_BELOW_THRESHOLD
EUR,Any,Any,RS,34,20,2,LT,12,Disqualified,VAT_AMOUNT_BELOW_THRESHOLD
EUR,Any,Any,RU,4,18,2,LT,13.11,Disqualified,VAT_AMOUNT_BELOW_THRESHOLD
EUR,Any,Any,RU,5,18,2,LT,13.11,Disqualified,VAT_AMOUNT_BELOW_THRESHOLD
EUR,Any,Any,RU,6,18,2,LT,13.11,Disqualified,VAT_AMOUNT_BELOW_THRESHOLD
EUR,Any,Any,RU,12,18,2,LT,13.11,Disqualified,VAT_AMOUNT_BELOW_THRESHOLD
EUR,Any,Any,RU,18,18,2,LT,13.11,Disqualified,VAT_AMOUNT_BELOW_THRESHOLD
EUR,Any,Any,RU,20,18,2,LT,13.11,Disqualified,VAT_AMOUNT_BELOW_THRESHOLD
EUR,Any,Any,RU,21,18,2,LT,13.11,Disqualified,VAT_AMOUNT_BELOW_THRESHOLD
EUR,Any,Any,RU,27,18,2,LT,13.11,Disqualified,VAT_AMOUNT_BELOW_THRESHOLD
EUR,Any,Any,RU,30,18,2,LT,13.11,Disqualified,VAT_AMOUNT_BELOW_THRESHOLD
EUR,Any,Any,RU,34,18,2,LT,13.11,Disqualified,VAT_AMOUNT_BELOW_THRESHOLD
EUR,Any,Any,SE,4,11.11,2,LT,20,Disqualified,VAT_AMOUNT_BELOW_THRESHOLD
EUR,Any,Any,SE,5,12,2,LT,18.67,Disqualified,VAT_AMOUNT_BELOW_THRESHOLD
EUR,Any,Any,SE,6,25,2,LT,10,Disqualified,VAT_AMOUNT_BELOW_THRESHOLD
EUR,Any,Any,SE,12,25,2,LT,10,Disqualified,VAT_AMOUNT_BELOW_THRESHOLD
EUR,Any,Any,SE,18,25,2,LT,10,Disqualified,VAT_AMOUNT_BELOW_THRESHOLD
EUR,Any,Any,SE,20,25,2,LT,10,Disqualified,VAT_AMOUNT_BELOW_THRESHOLD
EUR,Any,Any,SE,21,25,2,LT,10,Disqualified,VAT_AMOUNT_BELOW_THRESHOLD
EUR,Any,Any,SE,22,6,2,LT,35.33,Disqualified,VAT_AMOUNT_BELOW_THRESHOLD
EUR,Any,Any,SE,25,12,2,LT,18.67,Disqualified,VAT_AMOUNT_BELOW_THRESHOLD
EUR,Any,Any,SE,27,25,2,LT,10,Disqualified,VAT_AMOUNT_BELOW_THRESHOLD
EUR,Any,Any,SE,30,25,2,LT,10,Disqualified,VAT_AMOUNT_BELOW_THRESHOLD
EUR,Any,Any,SE,31,25,2,LT,10,Disqualified,VAT_AMOUNT_BELOW_THRESHOLD
EUR,Any,Any,SE,34,11.11,2,LT,20,Disqualified,VAT_AMOUNT_BELOW_THRESHOLD
EUR,Any,Any,SG,5,7,2,LT,30.57,Disqualified,VAT_AMOUNT_BELOW_THRESHOLD
EUR,Any,Any,SG,6,7,2,LT,30.57,Disqualified,VAT_AMOUNT_BELOW_THRESHOLD
EUR,Any,Any,SG,12,7,2,LT,30.57,Disqualified,VAT_AMOUNT_BELOW_THRESHOLD
EUR,Any,Any,SG,20,7,2,LT,30.57,Disqualified,VAT_AMOUNT_BELOW_THRESHOLD
EUR,Any,Any,SG,21,7,2,LT,30.57,Disqualified,VAT_AMOUNT_BELOW_THRESHOLD
EUR,Any,Any,SG,22,7,2,LT,30.57,Disqualified,VAT_AMOUNT_BELOW_THRESHOLD
EUR,Any,Any,SG,25,7,2,LT,30.57,Disqualified,VAT_AMOUNT_BELOW_THRESHOLD
EUR,Any,Any,SG,27,7,2,LT,30.57,Disqualified,VAT_AMOUNT_BELOW_THRESHOLD
EUR,Any,Any,SG,30,7,2,LT,30.57,Disqualified,VAT_AMOUNT_BELOW_THRESHOLD
EUR,Any,Any,SG,34,7,2,LT,30.57,Disqualified,VAT_AMOUNT_BELOW_THRESHOLD
EUR,Any,Any,SI,6,22,2,LT,11.09,Disqualified,VAT_AMOUNT_BELOW_THRESHOLD
EUR,Any,Any,SI,12,22,2,LT,11.09,Disqualified,VAT_AMOUNT_BELOW_THRESHOLD
EUR,Any,Any,SI,20,22,2,LT,11.09,Disqualified,VAT_AMOUNT_BELOW_THRESHOLD
EUR,Any,Any,SI,22,9.5,2,LT,23.05,Disqualified,VAT_AMOUNT_BELOW_THRESHOLD
EUR,Any,Any,SI,27,22,2,LT,11.09,Disqualified,VAT_AMOUNT_BELOW_THRESHOLD
EUR,Any,Any,SI,30,22,2,LT,11.09,Disqualified,VAT_AMOUNT_BELOW_THRESHOLD
EUR,Any,Any,SI,31,22,2,LT,11.09,Disqualified,VAT_AMOUNT_BELOW_THRESHOLD
EUR,Any,Any,SK,4,20,2,LT,12,Disqualified,VAT_AMOUNT_BELOW_THRESHOLD
EUR,Any,Any,SK,5,20,2,LT,12,Disqualified,VAT_AMOUNT_BELOW_THRESHOLD
EUR,Any,Any,SK,6,20,2,LT,12,Disqualified,VAT_AMOUNT_BELOW_THRESHOLD
EUR,Any,Any,SK,12,20,2,LT,12,Disqualified,VAT_AMOUNT_BELOW_THRESHOLD
EUR,Any,Any,SK,18,20,2,LT,12,Disqualified,VAT_AMOUNT_BELOW_THRESHOLD
EUR,Any,Any,SK,20,20,2,LT,12,Disqualified,VAT_AMOUNT_BELOW_THRESHOLD
EUR,Any,Any,SK,21,20,2,LT,12,Disqualified,VAT_AMOUNT_BELOW_THRESHOLD
EUR,Any,Any,SK,22,20,2,LT,12,Disqualified,VAT_AMOUNT_BELOW_THRESHOLD
EUR,Any,Any,SK,27,20,2,LT,12,Disqualified,VAT_AMOUNT_BELOW_THRESHOLD
EUR,Any,Any,SK,30,20,2,LT,12,Disqualified,VAT_AMOUNT_BELOW_THRESHOLD
EUR,Any,Any,SK,31,20,2,LT,12,Disqualified,VAT_AMOUNT_BELOW_THRESHOLD
EUR,Any,Any,SK,34,20,2,LT,12,Disqualified,VAT_AMOUNT_BELOW_THRESHOLD
EUR,Any,Any,TH,4,7,2,LT,30.57,Disqualified,VAT_AMOUNT_BELOW_THRESHOLD
EUR,Any,Any,TH,5,7,2,LT,30.57,Disqualified,VAT_AMOUNT_BELOW_THRESHOLD
EUR,Any,Any,TH,6,7,2,LT,30.57,Disqualified,VAT_AMOUNT_BELOW_THRESHOLD
EUR,Any,Any,TH,12,7,2,LT,30.57,Disqualified,VAT_AMOUNT_BELOW_THRESHOLD
EUR,Any,Any,TH,20,7,2,LT,30.57,Disqualified,VAT_AMOUNT_BELOW_THRESHOLD
EUR,Any,Any,TH,22,7,2,LT,30.57,Disqualified,VAT_AMOUNT_BELOW_THRESHOLD
EUR,Any,Any,TH,25,7,2,LT,30.57,Disqualified,VAT_AMOUNT_BELOW_THRESHOLD
EUR,Any,Any,TH,27,7,2,LT,30.57,Disqualified,VAT_AMOUNT_BELOW_THRESHOLD
EUR,Any,Any,TH,30,7,2,LT,30.57,Disqualified,VAT_AMOUNT_BELOW_THRESHOLD
EUR,Any,Any,TH,31,7,2,LT,30.57,Disqualified,VAT_AMOUNT_BELOW_THRESHOLD
EUR,Any,Any,TH,34,7,2,LT,30.57,Disqualified,VAT_AMOUNT_BELOW_THRESHOLD
EUR,Any,Any,TR,4,18,2,LT,13.11,Disqualified,VAT_AMOUNT_BELOW_THRESHOLD
EUR,Any,Any,TR,5,8,2,LT,27,Disqualified,VAT_AMOUNT_BELOW_THRESHOLD
EUR,Any,Any,TR,6,18,2,LT,13.11,Disqualified,VAT_AMOUNT_BELOW_THRESHOLD
EUR,Any,Any,TR,12,18,2,LT,13.11,Disqualified,VAT_AMOUNT_BELOW_THRESHOLD
EUR,Any,Any,TR,18,18,2,LT,13.11,Disqualified,VAT_AMOUNT_BELOW_THRESHOLD
EUR,Any,Any,TR,20,18,2,LT,13.11,Disqualified,VAT_AMOUNT_BELOW_THRESHOLD
EUR,Any,Any,TR,21,18,2,LT,13.11,Disqualified,VAT_AMOUNT_BELOW_THRESHOLD
EUR,Any,Any,TR,22,18,2,LT,13.11,Disqualified,VAT_AMOUNT_BELOW_THRESHOLD
EUR,Any,Any,TR,25,8,2,LT,27,Disqualified,VAT_AMOUNT_BELOW_THRESHOLD
EUR,Any,Any,TR,27,18,2,LT,13.11,Disqualified,VAT_AMOUNT_BELOW_THRESHOLD
EUR,Any,Any,TR,30,18,2,LT,13.11,Disqualified,VAT_AMOUNT_BELOW_THRESHOLD
EUR,Any,Any,TR,31,18,2,LT,13.11,Disqualified,VAT_AMOUNT_BELOW_THRESHOLD
EUR,Any,Any,TR,34,18,2,LT,13.11,Disqualified,VAT_AMOUNT_BELOW_THRESHOLD
EUR,Any,Any,TW,4,5,2,LT,42,Disqualified,VAT_AMOUNT_BELOW_THRESHOLD
EUR,Any,Any,TW,5,5,2,LT,42,Disqualified,VAT_AMOUNT_BELOW_THRESHOLD
EUR,Any,Any,TW,6,5,2,LT,42,Disqualified,VAT_AMOUNT_BELOW_THRESHOLD
EUR,Any,Any,TW,12,5,2,LT,42,Disqualified,VAT_AMOUNT_BELOW_THRESHOLD
EUR,Any,Any,TW,18,5,2,LT,42,Disqualified,VAT_AMOUNT_BELOW_THRESHOLD
EUR,Any,Any,TW,20,5,2,LT,42,Disqualified,VAT_AMOUNT_BELOW_THRESHOLD
EUR,Any,Any,TW,21,5,2,LT,42,Disqualified,VAT_AMOUNT_BELOW_THRESHOLD
EUR,Any,Any,TW,22,5,2,LT,42,Disqualified,VAT_AMOUNT_BELOW_THRESHOLD
EUR,Any,Any,TW,25,5,2,LT,42,Disqualified,VAT_AMOUNT_BELOW_THRESHOLD
EUR,Any,Any,TW,27,5,2,LT,42,Disqualified,VAT_AMOUNT_BELOW_THRESHOLD
EUR,Any,Any,TW,30,5,2,LT,42,Disqualified,VAT_AMOUNT_BELOW_THRESHOLD
EUR,Any,Any,TW,31,5,2,LT,42,Disqualified,VAT_AMOUNT_BELOW_THRESHOLD
EUR,Any,Any,TZ,4,18,2,LT,13.11,Disqualified,VAT_AMOUNT_BELOW_THRESHOLD
EUR,Any,Any,TZ,5,18,2,LT,13.11,Disqualified,VAT_AMOUNT_BELOW_THRESHOLD
EUR,Any,Any,TZ,6,18,2,LT,13.11,Disqualified,VAT_AMOUNT_BELOW_THRESHOLD
EUR,Any,Any,TZ,12,18,2,LT,13.11,Disqualified,VAT_AMOUNT_BELOW_THRESHOLD
EUR,Any,Any,TZ,18,18,2,LT,13.11,Disqualified,VAT_AMOUNT_BELOW_THRESHOLD
EUR,Any,Any,TZ,20,18,2,LT,13.11,Disqualified,VAT_AMOUNT_BELOW_THRESHOLD
EUR,Any,Any,TZ,22,18,2,LT,13.11,Disqualified,VAT_AMOUNT_BELOW_THRESHOLD
EUR,Any,Any,TZ,25,18,2,LT,13.11,Disqualified,VAT_AMOUNT_BELOW_THRESHOLD
EUR,Any,Any,TZ,27,18,2,LT,13.11,Disqualified,VAT_AMOUNT_BELOW_THRESHOLD
EUR,Any,Any,TZ,30,18,2,LT,13.11,Disqualified,VAT_AMOUNT_BELOW_THRESHOLD
EUR,Any,Any,TZ,31,18,2,LT,13.11,Disqualified,VAT_AMOUNT_BELOW_THRESHOLD
EUR,Any,Any,TZ,34,18,2,LT,13.11,Disqualified,VAT_AMOUNT_BELOW_THRESHOLD
EUR,Any,Any,VE,4,12,2,LT,18.67,Disqualified,VAT_AMOUNT_BELOW_THRESHOLD
EUR,Any,Any,VE,5,12,2,LT,18.67,Disqualified,VAT_AMOUNT_BELOW_THRESHOLD
EUR,Any,Any,VE,6,12,2,LT,18.67,Disqualified,VAT_AMOUNT_BELOW_THRESHOLD
EUR,Any,Any,VE,12,12,2,LT,18.67,Disqualified,VAT_AMOUNT_BELOW_THRESHOLD
EUR,Any,Any,VE,18,12,2,LT,18.67,Disqualified,VAT_AMOUNT_BELOW_THRESHOLD
EUR,Any,Any,VE,20,12,2,LT,18.67,Disqualified,VAT_AMOUNT_BELOW_THRESHOLD
EUR,Any,Any,VE,21,12,2,LT,18.67,Disqualified,VAT_AMOUNT_BELOW_THRESHOLD
EUR,Any,Any,VE,25,12,2,LT,18.67,Disqualified,VAT_AMOUNT_BELOW_THRESHOLD
EUR,Any,Any,VE,27,12,2,LT,18.67,Disqualified,VAT_AMOUNT_BELOW_THRESHOLD
EUR,Any,Any,VE,30,12,2,LT,18.67,Disqualified,VAT_AMOUNT_BELOW_THRESHOLD
EUR,Any,Any,VE,31,12,2,LT,18.67,Disqualified,VAT_AMOUNT_BELOW_THRESHOLD
EUR,Any,Any,VE,34,12,2,LT,18.67,Disqualified,VAT_AMOUNT_BELOW_THRESHOLD
EUR,Any,Any,VN,4,10,2,LT,22,Disqualified,VAT_AMOUNT_BELOW_THRESHOLD
EUR,Any,Any,VN,5,10,2,LT,22,Disqualified,VAT_AMOUNT_BELOW_THRESHOLD
EUR,Any,Any,VN,6,10,2,LT,22,Disqualified,VAT_AMOUNT_BELOW_THRESHOLD
EUR,Any,Any,VN,12,10,2,LT,22,Disqualified,VAT_AMOUNT_BELOW_THRESHOLD
EUR,Any,Any,VN,18,10,2,LT,22,Disqualified,VAT_AMOUNT_BELOW_THRESHOLD
EUR,Any,Any,VN,20,10,2,LT,22,Disqualified,VAT_AMOUNT_BELOW_THRESHOLD
EUR,Any,Any,VN,21,10,2,LT,22,Disqualified,VAT_AMOUNT_BELOW_THRESHOLD
EUR,Any,Any,VN,27,10,2,LT,22,Disqualified,VAT_AMOUNT_BELOW_THRESHOLD
EUR,Any,Any,VN,30,10,2,LT,22,Disqualified,VAT_AMOUNT_BELOW_THRESHOLD
EUR,Any,Any,VN,31,10,2,LT,22,Disqualified,VAT_AMOUNT_BELOW_THRESHOLD
EUR,Any,Any,VN,34,10,2,LT,22,Disqualified,VAT_AMOUNT_BELOW_THRESHOLD
EUR,Any,Any,ZA,6,14,2,LT,16.29,Disqualified,VAT_AMOUNT_BELOW_THRESHOLD
EUR,Any,Any,ZA,12,14,2,LT,16.29,Disqualified,VAT_AMOUNT_BELOW_THRESHOLD
EUR,Any,Any,ZA,18,14,2,LT,16.29,Disqualified,VAT_AMOUNT_BELOW_THRESHOLD
EUR,Any,Any,ZA,20,14,2,LT,16.29,Disqualified,VAT_AMOUNT_BELOW_THRESHOLD
EUR,Any,Any,ZA,25,14,2,LT,16.29,Disqualified,VAT_AMOUNT_BELOW_THRESHOLD
EUR,Any,Any,ZA,27,14,2,LT,16.29,Disqualified,VAT_AMOUNT_BELOW_THRESHOLD
EUR,Any,Any,ZA,30,14,2,LT,16.29,Disqualified,VAT_AMOUNT_BELOW_THRESHOLD
EUR,Any,Any,ZA,31,14,2,LT,16.29,Disqualified,VAT_AMOUNT_BELOW_THRESHOLD